page,char_count,word_count,line_count,code_score,pandas_score,content_type,text_preview
4,420,39,18,0,3,navigation,TABLE OF CONTENTS TABLE OF CONTENTS……………………………………………………… …………………………4           PREF ACE………………………………………………………… ………………………………………….7         INTRODUCTION………………………………………………… ………………………………………9           CHAP
8,677,113,13,0,3,conceptual,"PREF ACE Welcome to Mastering Pandas: A Comprehensive Guide to Data Analysis in Python , a journey into the heart of modern data science. This book is not just a guide; it’s your gateway to the world "
12,1114,178,23,0,4,conceptual,"With pandas, you’r e not just crunching numbers; you’r e uncovering patter ns, predicting trends, and making data come alive in a way that drives r eal-world impact. What makes Mastering Pandas  uniqu"
16,1710,252,31,0,9,conceptual,"of tackling everything from basic exploration to deep statistical analysis. The heart of Pandas is its DataF rame object, a fast and eﬃcient data structur e with integrated indexing, designed to handl"
20,1127,163,26,0,10,navigation,"Chapter 15: Merging, Joining, and Concatenation in Pandas  – Techniques for combining multiple DataFrames using merge, join, and concat to build complex datasets. Chapter 16: Filtering and Conditional"
24,1008,165,22,0,5,conceptual,"its own identity and visual style. The most recent and widely recognized logo, shown at the top left, featur es a bold, moder n design with stack ed bars, symbolizing data organization and manipulatio"
28,720,113,16,0,4,conceptual,"keeps memory usage low by avoiding duplicating the dataset in memory. Parallel Computing and Chunking : For extremely large datasets that can’t ﬁt into memory, Pandas allows data processing in chunks."
32,630,91,14,0,4,conceptual,"you gain the ability to perfor m comple x numerical computations eﬃciently . Matplotlib and Seaborn Visualization is essential for understanding data, and while Pandas oﬀers basic plotting capabilitie"
36,731,124,16,4,8,code_heavy,"""Getting started with Pandas is straightforwar d, and you can set it up easily in both your ter minal or Jupyter Notebook. First, to install Pandas, open your terminal or, if you’re using Jupyter Note"
40,1217,198,23,0,11,navigation,"Chapter 4: Data Structures In P andas: Series and DataF rames In Pandas, two fundamental data structures form the backbone of everything you’ll do: Series  and DataFrames . Think of these as the build"
44,1082,177,21,4,11,code_heavy,"print(series_basic) In this code, we’re creating a basic Pandas Series  with default numeric indices. First, we import the Pandas library, which is essential for data manipulation and analysis in Pyth"
48,1038,182,21,6,13,code_heavy,"dictionaries, allowing us to easily create a Series with meaningful labels. We begin with data_dict , a dictionary where each key ( ""x"" , ""y"" , ""z"" ) represents a label, and each corresponding value ("
52,950,160,20,0,12,conceptual,"Series 3: Mixed Data Types Series 3 takes versatility to the next level by including mixed data types within the series. The index remains numeric, but the data varies widely—it includes lists, string"
56,731,115,17,3,8,conceptual,"intuitive data manipulation and analysis. This example highlights the versatility of Pandas DataFrames, as they can seamlessly integrate diﬀerent data types and organize them into a single, cohesive s"
60,931,150,21,0,8,conceptual,"unique entry, making it a perfect structur e for managing multi-dimensional data. Key Features of DataF rames Row and Column Labels  : Each row and column can have unique labels, making data access mo"
64,1188,183,23,0,3,conceptual,"about utilizing their powe rful structur e to uncover  insights, identif y trends, and support data-driven decision-making. Chapter 5: Indexing And Selection Techniques Welcome to Indexing and Selecti"
68,795,129,15,0,3,conceptual,".iloc  oﬀer more precise control by enabling access based on labels and positions, respectively. By mastering [] , .loc , and .iloc , you can navigate even the most complex data structures with precis"
72,422,73,8,0,3,conceptual,"The reason this fails is because Pandas interprets the single value inside []  as a column name rather than a row index. Since there’s no column named ""0"" in our DataFrame, Pandas raises a KeyError . "
76,436,75,9,1,1,general,"# Selecting data using .loc Example 1: Selecting a Single Row by Label print(""Selecting a single row by label:\n"", df .loc[""B""]) In this example, .loc  is used to select a single row from the DataFram"
80,963,156,18,2,1,general,"# Selecting data using .iloc Example 1: Selecting a Single Row by Position print(""Selecting a single row by position:\n"", df.iloc[1])  In this example, the .iloc  method is used to select a single row"
84,1401,215,25,0,5,conceptual,"precise access to rows and columns in cases where you know the exact numerical positions. Mastering .iloc  allows for highly targeted data selection, making data analysis in Pandas both precise and eﬃ"
88,924,153,19,1,2,general,"corresponding value is a list of values for that column. The dictionary is then converted into a DataF rame using pd.DataF rame(data)  . When we print the DataF rame, we can see the organized table st"
92,624,108,12,4,0,code_heavy,"let’s say we want to ﬁnd instructors who teach Python and have mor e than 8 sessions. df[(df['Language'] == 'Python') & (df['Sessions'] > 8)] In this example, (df['Language'] == 'Python') & (df['Sessi"
96,460,87,17,0,2,general,Why Use &  and | ? AND ( & ) : Use this when you want to narrow down  your search. It ﬁlters the data more strictly since all conditions must be met. OR ( | ) : Use this when you want a broader search
100,644,105,17,0,1,general,selected. This combined ﬁlter allows for precise selection based on criteria in multiple columns. Boolean indexing in Pandas is a powerful tool for ﬁltering data based on conditions: Simple Conditions
104,564,94,14,4,4,code_heavy,"Example: df[0:2]  # Selects the ﬁrst two r ows 3. Select by Label (loc) Syntax  : df.loc[row_label(s), col_label(s)] Output : Returns an object for a single selection, a Series for one row/column, oth"
108,1447,224,36,0,2,general,".astype() , and strategies to optimize memory usage by selecting the most appropriate types for your dataset. We’ll also explore techniques for handling mixed data types, special types like datetime  "
112,585,101,11,0,5,conceptual,Let’s create a DataF rame to see some of these data types in action: # Sample DataF rame with various data types The line dtype: object  at the bottom indicates that the overall data type of the DataF
116,1077,155,21,7,5,code_heavy,"print(""\nDataF rame with Numeric Conversion and NaN Handling:\n"", df_mixed) print(""\nData T ypes:\n"", df_mixed.dtypes) This code example demonstrates how to handle a column with mixed data types in a "
120,799,122,17,2,1,general,"To make all values numeric, we use pd.to_numeric()  on the Values  column with errors=""coerce"" . This argument replaces any non-numeric values with NaN  (although, in this case, all values are convert"
124,939,143,18,0,2,general,"Why It Matters : Datetime  allows you to analyze patterns over time, whether that’s identifying peak shopping periods, understanding customer retention, or tracking project timelines. Without datetime"
128,1523,220,28,0,1,general,"and ﬁlter data by speciﬁc time periods eﬀortlessly. This type transforms date columns from mere strings into valuable assets, enabling sophisticated temporal analysis that reveals patterns and seasona"
132,400,61,9,0,2,general,ensuring your work generates dependable insights and builds powerful predictive models. Detecting Missing V alues and Understanding Their Impact The ﬁrst step in handling missing data is detecting its
136,1023,170,20,2,1,general,Each method helps you complete the pictur e in a way that keeps the ﬁnal image meaningful and consistent —just like handling missing data keeps your dataset reliable and r eady for analysis! Using dro
140,816,134,21,1,5,conceptual,"removing rows with missing data, which could result in loss of valuable infor mation. Here’s what happens in the code: Original DataFrame  (shown on the right): The initial DataFrame has several missi"
144,577,89,11,0,1,general,"realistic results in time series analysis. This technique is especially beneﬁcial when tracking trends or making predictions, as it ﬁlls data gaps in a way that aligns with the data’s natural pr ogres"
148,906,156,17,1,0,general,"Source: https://www.twinkl.com.tr/ The median  is another essential statistical measure, representing the middle value in a sorted dataset. To calculate the median, you ﬁrst arrange all values in asce"
152,1358,219,27,0,2,general,"This approach helps maintain a consistent, realisti c dataset that is ready  for further analysis or modeling, ensu ring that missing data does not compr omise the insights derived from the data. Forw"
156,1345,223,26,0,1,general,"from ""David"" (r ow 3). The value for ""Eve"" (row 4) remains as NaN  since there are no further valid values to propagate backward. Backwar d-ﬁll is particularly useful in situations wher e futur e valu"
160,1686,261,33,0,0,general,"Nearest Neighbors (KNN) or regression-based imputation oﬀer a more eﬀective solution than simple ﬁlling methods. Unlik e basic methods like mean, median, or mode ﬁlling, which ignor e the underlying d"
164,557,87,11,0,2,general,"splitting, replacing, searching, and using regular expressions. We’ll also discuss transfor ming text into useful formats and handling multi-language te xt data. Text Data in P andas: Basic String Met"
168,1282,208,24,0,1,general,"One common step in cleaning text data is removing special characters, such as punctuation marks or symbo ls, which can clutter the data and lead to misleading result s. Special characters may be usefu"
172,702,97,15,0,0,general,"LastName . This is a useful technique for organizing data, especially when handling names, addresses, or structured strings. Replacing Substrings in T ext The str.replace()  method is incredibly versa"
176,1063,174,21,0,1,general,"""a""s. Imagine regex as a laser-focused search tool: instead of combing through text line by line, regex can precisely ﬁnd and work with comple x patter ns in seconds. This eﬃciency is invaluable  in ﬁ"
180,615,102,12,0,0,general,"Transforming T ext to Useful F ormats for Analysis After cleaning your text data, the next step is often to transfor m it into a format that makes it easier to analyze. This might include converting t"
184,1109,166,22,0,0,general,"Enables Numerical Analysis on Categorical Data Machine learning algorithms and many statistical methods require inputs to be in numerical form. Text data, such as categorical labels, can’t be directly"
188,950,142,20,0,0,general,1  Phone            T rue                F alse 2  Tablet           T rue                F alse 3  Monitor          F alse               T rue In this structur e: We can easily perfor m calculations o
192,611,100,17,0,0,general,"Word Coun ts : By counting keywor ds, you gain insight into trends, popular featur es, or frequently mentioned aspects, allowing you to focus on what matters most in the te xt data. Keyword Extraction"
196,1158,175,24,4,4,code_heavy,"completion, or calculating elapsed time between observations. These features make Pandas an indispensable tool for analysts and data scientists dealing with time- centric data. Converting Date Column "
200,1401,206,27,1,3,conceptual,"Using Timedelta  opens up new possibilities for handling time-based data, giving you the ﬂexibility to analyze and manipulate dates with precision. By incorporating Timedelta  into your workﬂow, you c"
204,439,75,10,0,5,conceptual,"month, quarter, or year—without the need for complex ﬁltering conditions. Let’s start by creating a sample time series DataF rame to illustrate this featur e: Create a Sample Time Series DataFrame : G"
208,1096,187,20,0,2,general,"as seamlessly with SQL, JSON, and even HTML tables, making it a k ey asset when dealing with varied datasets. In this chapter, we’ll dive into how Pandas eﬀortlessly bridges these formats, letting you"
212,1317,219,24,1,5,conceptual,"R eading Data from Excel Imagine having your carefully crafted Excel sheets, ready for detailed analysis. With Pandas’ read_excel()  function, importing data from Excel ﬁles becomes incredibly simple—"
216,977,162,21,0,1,general,"that record. SQL databases keep data organized, easy to search, and eﬃcient to manage. Now, if SQL sounds intimidating, don’t worry! Pandas makes it very easy to pull data directly from SQL databases."
220,516,90,11,1,2,general,Reading JSON Data with P andas Pandas makes it incredibly straightforward to load JSON data into a DataFrame with the read_json()  function. This function reads JSON data and automatically converts it
224,750,121,15,0,4,conceptual,"options to control the delimiter, include or exclude the index, and more. In this example, to_csv()  saves your DataFrame as exported_data.csv , ready to be shared or loaded into other tools, making i"
228,595,94,14,0,1,general,"Eﬃciently Loading Large Datasets Loading large datasets can be time-consuming and memory- intensive. Pandas oﬀers several options to load data more eﬃciently, including nrows  for reading a speciﬁc nu"
232,1328,212,24,0,0,general,"each column, and even take a quick sample of your data. For instance, unique()  allows you to view all distinct values within a column, which is especially useful for categorical data. The value_count"
236,483,83,10,1,0,general,"most recent entries, or to ensure that your data was loaded correctly without any missing rows. Using the same AI course performance dataset, here’s how tail()  works: This will output the last 5 rows"
240,392,67,9,0,0,general,"data, understanding data types, and getting an overall summary of your dataset’s composition. Using our AI course performance dataset as an example, here’s how info()  works: For instance, you might s"
244,126,22,3,0,0,minimal,Let’s take a look at how to use describe()  with our AI course performance dataset: This command will output statistics lik e:
248,746,116,15,0,0,general,"These Panda s functions are essential tools for identifying unique values, duplicate entries, and missing data in your dataset. They help you gain insights into data quality, understand the variabilit"
252,1006,159,19,0,3,conceptual,"This output shows you the number of missing entries in each column, allowing you to decide how to handle them— whether through ﬁlling, removal, or other methods. This is crucial for maintaining data i"
256,419,74,9,0,0,general,"This comman d outputs the data as an array wher e each row represents a record, and each column corresponds to a featur e in the DataF rame. F or example: Why values   Is Useful The values  attribute "
260,1341,202,27,0,2,general,"Essential Steps in Data Cleaning for High- Quality Data Data cleaning is the process of reﬁning raw data by correcting or removing inaccuracies, inconsisten cies, and unnecessary elements. Here’s an o"
264,635,101,13,3,2,general,"In this example, we remove the ""Field"" column because, for a budget-focused analysis, knowing the ﬁeld of research might not add signiﬁcant value. By removing this column, we simplify the dataset, mak"
268,308,44,7,2,3,conceptual,Detecting and Removing Duplicates You can identify duplicates using the duplicated()  function and remove them with drop_duplicates() . Mastering inplace=True  in Pandas: What Does It Really Do? In pa
272,488,70,10,0,1,navigation,"Summary In this chapter, we explor ed essential data cleaning and preprocessing techniques in Pandas, covering everything from removing irrelevant data and handling duplicates to normalizing values an"
276,509,78,12,0,3,conceptual,"The output will be: Explanation Here, groupby(""Subject"")  groups the data by the Subject  column, creating separate groups for ""Math"" and ""Science."" Then, [""Score""].mean()  calculates the average scor"
280,897,150,21,1,3,conceptual,"df.groupby(""City"")  creates groups in the dataset where each unique city name becomes a group. This operation doesn’t modif y the original DataF rame but rather cr eates a gr ouped view of it, wher e "
284,755,128,17,0,0,general,Explanation of the Output In this table: sum  shows the total sales for each city. mean  provides the average sales per transaction in each city. count  indicates the number of transactions recorded f
288,780,128,16,0,0,general,"Explanation Lambda F unction  : lambda x: x.max() - x.min()  calculates the range of sales within each group (in this case, each city). This custom function ﬁnds the maximum and minimum values for the"
292,713,106,15,0,1,general,"Using pivot_table for Multi-Dimensional Group Operations The pivot_table  function in Pandas extends the capabilities of the regular pivot  function, oﬀering enhanced ﬂexibility for multi-dimensional "
296,972,142,20,0,0,general,"Why This Matters Using pivot_table  with multiple aggregation functions oﬀers a more nuanced view of your data. By simultaneously displaying the total and average sales, you gain insights that are use"
300,945,149,18,0,2,general,"Exploring Advanced Grouping T echniques: Custom Aggregations and Hierarchical Indexing in Pandas In data analysis, there’s often a need to go beyond basic aggregations like sum, mean, and count, and d"
304,829,143,17,0,0,general,"levels of granularity, all within the same DataF rame. This featur e is especially powerful when dealing with comple x datasets that need to be summarized at various levels. Example: Grouping by Multi"
308,1441,219,28,0,1,general,"Pandas, a widely-used library in Python for data manipulation and analysis, oﬀers a powerful suite of tools for reshaping and pivoting data. Key functions such as pivot , pivot_table , melt , stack , "
312,537,87,11,0,2,general,"techniques will empower you to reshape raw data into formats that suit any analysis or reporting need, enabling you to unlock  deeper insights and present data in ways that drive impactful decision-ma"
316,915,149,21,0,1,general,"row represents a diﬀerent date. The City  values, ""New York"" and ""Los Angeles,"" have become new column headers. The Temperature  values are now arranged within these columns, showing the temperature r"
320,711,121,17,0,0,general,"aggregate these transactions by summing the sales for each date and city. Applying the pivot_table   Function To create a summary of total sales by date and city, we can use pivot_table  and specify s"
324,756,117,17,0,2,general,This initial DataFrame provides each student’s score in various subjects. The following examples demonstrate how to use pivot()  and pivot_table()  to reshape and analyze the data. Example 1: Reshapin
328,424,65,10,0,1,general,"for generating summarized views that help highlight key insights and trends in the data. Together, both pivot()  and pivot_table()  are indispensable tools in the Pandas library  for anyone working wi"
332,434,75,10,0,0,general,"Applying the melt  Function To convert df_wide  into a long format, we use melt , specifying Date  as the identiﬁer variable ( id_vars ), City  as the variable name ( var_name ), and Temperature  as t"
336,744,120,15,0,3,conceptual,Using stack   and unstack   for Reshaping Data The stack  and unstack  methods in Pandas allow us to reshape data by working with the levels of a DataFrame's index. These methods are especially useful
340,870,136,20,0,1,general,"Advantages of unstack Easier Comparison Across Categories : By expanding rows into columns, unstack  allows for easier comparison between diﬀerent categories (e.g., cities) on the same index level (e."
344,597,103,14,0,0,general,"Converting from Long to Wide F ormat To switch back from long to wide format, we can use the pivot()  function. This is useful when you want to create a summary table or organize speciﬁc categories as"
348,535,87,12,0,1,general,"Let's go through each method with examples to understand their power and functionality . Stacking Data The stack  function is particularly useful when you want to compress columns into rows, creating "
352,332,55,7,0,1,general,Real- World Examples of Data Reshaping for Better Analysis Data reshaping is a powerful tool that allows you to adapt raw data into formats that simplif y analysis and make trends easier to identif y.
356,479,77,9,0,2,general,"Step 2: Convert Date to DatetimeIndex   and Set it as the Index To perform time-based operations like resampling, we need to convert the Date  column to a DatetimeIndex  and set it as the DataFrame’s "
360,1823,287,32,0,1,general,"As we wrap up our exploration of reshaping and pivoting data in Pandas, it’s evident how crucial these techniques are for eﬀective data analysis. The functions pivot , pivot_table , melt , stack , and"
364,368,55,11,1,7,conceptual,"In this example, we concatenated two DataFrames vertically and horizontally. Using ignore_index=True  resets the index after concatenation. Merging DataF rames with merge The merge  function allows yo"
368,397,69,9,0,2,general,"Each join type has its use case, depending on whether you want to retain unmatched rows or restrict the result to only matched entries. Handling Duplicate and Common Columns in Merges When combin ing "
372,882,128,20,0,6,navigation,"Summary In this chapter, we explored methods for merging, joining, and concatenating data in Pandas, covering essential functions like concat , merge , and join . We discussed diﬀerent join types, han"
376,903,137,18,0,2,general,"Filtering with Multiple Conditions In this example, we demonstrate how to ﬁlter data in a Pandas DataFrame by using multiple conditions combined with logical operators like &  (AND) and |  (OR). These"
380,584,88,13,2,0,general,"Explanation : Here, we use two conditions: (df[""Transaction""] >= 90)  and (df[""Transaction""] <= 150) . By combining them with &  (logical AND), we’re selecting rows where the ""Transaction"" column valu"
384,600,106,12,0,2,general,"ﬁltering. Each of these ﬁltering methods provides a way to reﬁne data in Pandas, enabling precise and meaningfu l analysis tailor ed to your goals. By mastering these techniques, you’ll be able to ﬁlt"
388,481,85,10,0,0,general,Additional Examples with Logical Operators Let’s explor e additional ways to use logical operators for mor e nuanced data ﬁltering. Using OR ( | ) : Select customers with transactions over $300 or who
392,356,57,11,0,0,general,"based on speciﬁc ranges, you can nest multiple    np.wher e()   statements. Example: Multi-Level Flag for T ransaction V alue Explanation High Category  : Transactions above $250 are labeled as ""High"""
396,643,104,16,1,0,general,"provides a readable, SQL-like syntax that’s ideal for comple x ﬁltering r equir ements. Example: Filtering Transactions Over 100 While Excluding a Speciﬁc Customer Suppose you want to ﬁlter transactio"
